{"cameraMode":{"drawMode":0,"name":"Shaded","section":"Shading Mode"},"sceneLighting":true,"audioPlay":false,"sceneViewState":{"m_AlwaysRefresh":false,"showFog":true,"showSkybox":true,"showFlares":true,"showImageEffects":true,"showParticleSystems":true,"showVisualEffectGraphs":true,"m_FxEnabled":true},"in2DMode":false,"pivot":{"x":4.110677719116211,"y":-41.440277099609378,"z":50.42841339111328},"rotation":{"x":0.2681533992290497,"y":0.013005274347960949,"z":-0.0036209768150001766,"w":0.9632889628410339},"size":50.01120376586914,"orthographic":false}