{"cameraMode":{"drawMode":0,"name":"Shaded","section":"Shading Mode"},"sceneLighting":true,"audioPlay":false,"sceneViewState":{"m_AlwaysRefresh":false,"showFog":true,"showSkybox":true,"showFlares":true,"showImageEffects":true,"showParticleSystems":true,"showVisualEffectGraphs":true,"m_FxEnabled":true},"in2DMode":false,"pivot":{"x":22.844196319580079,"y":296.0289306640625,"z":-185.0323486328125},"rotation":{"x":0.3984029293060303,"y":-0.010732593014836312,"z":0.004658941179513931,"w":0.9171460866928101},"size":76.09131622314453,"orthographic":false}